,Prize Bond,Draw No.,1st,2nd,2nd.1,2nd.2,2nd.3,2nd.4,City,Date,Full List
0,Rs. 750,91,722561,321896,828159,873486,,,Lahore,15-07-2022,View
1,Rs. 200,90,489317,482044,585014,678913,720703.0,770704.0,Multan,15-06-2022,View
2,Rs. 25000 Premium,6,415455857641,127995,464283,482643,484175.0,585235.0,Hyderabad,10-06-2022,View
3,Rs. 40000 Premium,21,763153,16018,318363,341290,,,Muzaffarabad,10-06-2022,View
4,Rs. 100,38,93241,109857,297539,479884,,,Faisalabad,16-05-2022,View
5,Rs. 1500,90,928756,68381,673933,924554,,,Rawalpindi,16-05-2022,View
6,Rs. 750,90,394635,207865,529894,829039,,,Karachi,15-04-2022,View
7,Rs. 200,89,793039,128737,390413,591489,705889.0,796069.0,Lahore,15-03-2022,View
8,Rs. 40000 Premium,20,755505,216179,311017,335736,,,Quetta,10-03-2022,View
9,Rs. 25000 Premium,5,96298193729,66227,284279,604401,696721.0,901103.0,Rawalpindi,10-03-2022,View
10,Rs. 100,37,904546,74566,259751,885455,,,Hyderabad,15-02-2022,View
11,Rs. 1500,89,878598,243545,457662,509633,,,Muzaffarabad,15-02-2022,View
12,Rs. 750,89,4208,511294,549996,983274,,,Peshawar,17-01-2022,View
13,Rs. 200,88,259580,380,233133,725485,871732.0,956938.0,Hyderabad,15-12-2021,View
14,Rs. 40000 Premium,19,953829,366951,599135,629631,,,Lahore,10-12-2021,View
15,Rs. 25000 Premium,4,16253067408,38203,171265,551833,655804.0,916353.0,Quetta,10-12-2021,View
16,Rs. 100,36,406160,50000,422885,619067,,,Peshawar,15-11-2021,View
17,Rs. 1500,88,708623,121234,251386,788311,,,Faisalabad,15-11-2021,View
18,Rs. 750,88,69845,172166,321134,828622,,,Rawalpindi,15-10-2021,View
19,Rs. 200,87,752824,368787,412125,437022,490233.0,759209.0,Muzaffarabad,15-09-2021,View
20,Rs. 25000 Premium,3,77928879917,17928,299043,366072,435276.0,924342.0,Hyderabad,10-09-2021,View
21,Rs. 40000 Premium,18,619284,11192,82571,460593,,,Peshawar,10-09-2021,View
22,Rs. 100,35,891043,212399,288254,660539,,,Faisalabad,16-08-2021,View
23,Rs. 1500,87,581729,91829,210953,759528,,,Multan,16-08-2021,View
24,Rs. 750,87,331809,232705,842723,908062,,,Lahore,15-07-2021,View
25,Rs. 200,86,514859,129441,268617,317693,423265.0,914859.0,Peshawar,15-06-2021,View
26,Rs. 25000 Premium,2,171790639589,100688,371201,860848,892614.0,924629.0,Faisalabad,10-06-2021,View
27,Rs. 40000 Premium,17,370594,7870,211541,747096,,,Muzaffarabad,10-06-2021,View
28,Rs. 100,34,636604,221550,451785,506256,,,Multan,17-05-2021,View
29,Rs. 1500,86,602642,587960,925211,942100,,,Karachi,17-05-2021,View
30,Rs. 750,86,38012,831,314705,417508,,,Quetta,15-04-2021,View
31,Rs. 15000,86,476828,120835,524976,990472,,,Hyderabad,01-04-2021,View
32,Rs. 200,85,40529,249733,348312,691026,950368.0,982211.0,Faisalabad,15-03-2021,View
33,Rs. 25000 Premium,1,794905874214,333290,466253,787225,840925.0,851041.0,Multan,10-03-2021,View
34,Rs. 40000 Premium,16,12085,239849,758623,994854,,,Rawalpindi,10-03-2021,View
35,Rs. 100,33,124119,75899,104906,561989,,,Karachi,15-02-2021,View
36,Rs. 1500,85,414654,11149,39344,609775,,,Quetta,15-02-2021,View
37,Rs. 7500,85,773753,164860,323713,812741,,,Lahore,01-02-2021,View
38,Rs. 750,85,217739,194668,871860,953604,,,Hyderabad,15-01-2021,View
39,Rs. 15000,85,378251,497007,718384,811208,,,Muzaffarabad,04-01-2021,View
40,Rs. 200,84,699479,72451,282656,720562,991452.0,996251.0,Rawalpindi,15-12-2020,View
41,Rs. 40000 Premium,15,998029,213322,457930,805482,,,Hyderabad,10-12-2020,View
42,Rs. 1500,84,458090,21076,389925,909271,,,Quetta,16-11-2020,View
43,Rs. 100,32,466358,86187,248360,394957,,,Faisalabad,16-11-2020,View
44,Rs. 7500,84,193853,195676,448508,639512,,,Karachi,02-11-2020,View
45,Rs. 25000,35,185473,404002,651544,857590,,,Peshawar,02-11-2020,View
46,Rs. 750,84,854741,44848,168263,728072,,,Lahore,15-10-2020,View
47,Rs. 15000,84,515400,79719,370991,971907,,,Multan,01-10-2020,View
48,Rs. 200,83,96176,252176,615558,693713,745540.0,747752.0,Peshawar,15-09-2020,View
49,Rs. 40000 Premium,14,665868,169862,210732,625309,,,Rawalpindi,10-09-2020,View
50,Rs. 100,31,203249,342734,663116,941637,,,Quetta,17-08-2020,View
51,Rs. 1500,83,76060,344671,354844,683780,,,Multan,17-08-2020,View
52,Rs. 7500,83,483112,415983,881814,931315,,,Faisalabad,03-08-2020,View
53,Rs. 25000,34,548532,288875,715500,906247,,,Lahore,03-08-2020,View
54,Rs. 750,83,308857,394067,603610,930253,,,Muzaffarabad,15-07-2020,View
55,Rs. 15000,83,459996,284054,367662,866512,,,Hyderabad,02-07-2020,View
56,Rs. 200,82,275942,242651,588088,604771,644033.0,948103.0,Quetta,15-06-2020,View
57,Rs. 40000 Premium,13,209637,215619,219826,919435,,,Karachi,10-06-2020,View
58,Rs. 100,30,694364,610514,666812,879657,,,Lahore,15-05-2020,View
59,Rs. 1500,82,693022,736750,903700,934907,,,Muzaffarabad,15-05-2020,View
60,Rs. 7500,82,473331,759813,911300,959058,,,Peshawar,04-05-2020,View
61,Rs. 25000,33,629095,255674,473918,521142,,,Rawalpindi,04-05-2020,View
62,Rs. 750,82,253534,48813,266370,662748,,,Hyderabad,15-04-2020,View
63,Rs. 15000,82,13278,281570,499481,867756,,,Faisalabad,01-04-2020,View
64,Rs. 200,81,169299,257431,323437,343070,473516.0,672491.0,Muzaffarabad,16-03-2020,View
65,Rs. 40000 Premium,12,518928,284533,819896,944989,,,Multan,10-03-2020,View
66,Rs. 100,29,487564,187448,688441,818952,,,Peshawar,17-02-2020,View
67,Rs. 1500,81,585821,37437,522658,656259,,,Rawalpindi,17-02-2020,View
68,Rs. 7500,81,744001,318970,572803,701602,,,Hyderabad,03-02-2020,View
69,Rs. 25000,32,756356,164617,322938,560785,,,Faisalabad,03-02-2020,View
70,Rs. 750,81,958892,515888,558129,943879,,,Karachi,15-01-2020,View
71,Rs. 15000,81,305737,43538,111088,835783,,,Quetta,02-01-2020,View
72,Rs. 200,80,389955,162087,310074,517606,521670.0,806287.0,Peshawar,16-12-2019,View
73,Rs. 40000 Premium,11,315554,222386,508980,845315,,,Quetta,10-12-2019,View
74,Rs. 100,28,878602,273899,873447,879843,,,Karachi,15-11-2019,View
75,Rs. 1500,80,980575,442481,745902,776936,,,Faisalabad,15-11-2019,View
76,Rs. 7500,80,991051,151742,475376,697356,,,Lahore,01-11-2019,View
77,Rs. 25000,31,143553,22326,388281,405373,,,Multan,01-11-2019,View
78,Rs. 750,80,378562,296432,512602,813469,,,Rawalpindi,15-10-2019,View
79,Rs. 15000,80,392299,479714,687378,742432,,,Muzaffarabad,01-10-2019,View
80,Rs. 200,79,557235,395211,487811,701653,910697.0,970379.0,Lahore,16-09-2019,View
81,Rs. 40000 Premium,10,630918,187576,792533,982127,,,Muzaffarabad,11-09-2019,View
82,Rs. 100,27,335729,7809,24977,89723,,,Hyderabad,16-08-2019,View
83,Rs. 1500,79,438068,85468,519591,855920,,,Peshawar,16-08-2019,View
84,Rs. 7500,79,930315,22427,372362,939027,,,Quetta,01-08-2019,View
85,Rs. 25000,30,800524,623296,923188,991782,,,Rawalpindi,01-08-2019,View
86,Rs. 750,79,161158,204877,262276,619632,,,Karachi,15-07-2019,View
87,Rs. 15000,79,481556,100299,213499,531897,,,Faisalabad,02-07-2019,View
88,Rs. 200,78,539663,160370,531965,667595,825630.0,825917.0,Muzaffarabad,17-06-2019,View
89,Rs. 40000 Premium,9,262154,121907,376674,514119,,,Peshawar,10-06-2019,View
90,Rs. 40000,78,755144,199855,493016,616081,,,Faisalabad,03-06-2019,View
91,Rs. 1500,78,766214,452871,806977,862326,,,Multan,15-05-2019,View
92,Rs. 100,26,74326,126355,559490,806738,,,Quetta,15-05-2019,View
93,Rs. 7500,78,313603,116024,930589,938719,,,Hyderabad,02-05-2019,View
94,Rs. 25000,29,714078,183190,537634,663366,,,Karachi,02-05-2019,View
95,Rs. 750,78,682299,3875,663603,983623,,,Lahore,15-04-2019,View
96,Rs. 15000,78,106540,142418,314538,791391,,,Rawalpindi,01-04-2019,View
97,Rs. 200,77,419270,166457,415321,459275,888262.0,936874.0,Multan,15-03-2019,View
98,Rs. 40000 Premium,8,953497,218713,307083,891043,,,Rawalpindi,11-03-2019,View
99,Rs. 40000,77,925437,160579,321143,713514,,,Lahore,01-03-2019,View
100,Rs. 100,25,144844,15443,236547,466843,,,Faisalabad,15-02-2019,View
101,Rs. 1500,77,51726,265147,266899,395935,,,Hyderabad,15-02-2019,View
102,Rs. 25000,28,429168,167993,458710,785204,,,Quetta,01-02-2019,View
103,Rs. 7500,77,477399,457232,634726,921084,,,Muzaffarabad,01-02-2019,View
104,Rs. 750,77,479780,121611,223172,553151,,,Peshawar,15-01-2019,View
105,Rs. 15000,77,840873,196633,346945,365936,,,Karachi,02-01-2019,View
106,Rs. 200,76,817984,430351,520366,538174,570991.0,915757.0,Hyderabad,17-12-2018,View
107,Rs. 40000 Premium,7,550275,153744,695422,913633,,,Muzaffarabad,10-12-2018,View
108,Rs. 40000,76,656277,66573,450097,636135,,,Quetta,03-12-2018,View
109,Rs. 100,24,449000,21410,390120,517366,,,Multan,15-11-2018,View
110,Rs. 1500,76,60417,68264,466734,581852,,,Faisalabad,15-11-2018,View
111,Rs. 7500,76,594975,19084,270596,683074,,,Rawalpindi,01-11-2018,View
112,Rs. 25000,27,37514,75841,366531,919382,,,Karachi,01-11-2018,View
113,Rs. 750,76,963916,96651,678838,835627,,,Lahore,15-10-2018,View
114,Rs. 15000,76,545525,501290,546973,779078,,,Peshawar,01-10-2018,View
115,Rs. 200,75,589439,270554,328344,352099,495788.0,894784.0,Hyderabad,17-09-2018,View
116,Rs. 40000 Premium,6,888764,18472,739879,779423,,,Quetta,10-09-2018,View
117,Rs. 40000,75,308812,151883,347924,831873,,,Multan,03-09-2018,View
118,Rs. 100,23,281265,688323,793404,944454,,,Muzaffarabad,15-08-2018,View
119,Rs. 1500,75,822591,450182,507503,768603,,,Karachi,15-08-2018,View
120,Rs. 7500,75,878375,491836,536363,661127,,,Quetta,01-08-2018,View
121,Rs. 25000,26,658044,342317,865870,958157,,,Rawalpindi,01-08-2018,View
122,Rs. 750,75,374125,6662,554796,958183,,,Faisalabad,16-07-2018,View
123,Rs. 15000,75,550288,31693,204348,636774,,,Lahore,03-07-2018,View
124,Rs. 200,74,598752,7062,184113,187904,515181.0,861181.0,Muzaffarabad,19-06-2018,View
125,Rs. 40000 Premium,5,467508,86866,87033,427609,,,Rawalpindi,11-06-2018,View
126,Rs. 40000,74,680868,164758,250209,344250,,,Peshawar,01-06-2018,View
127,Rs. 100,22,227672,699360,742472,947283,,,Karachi,15-05-2018,View
128,Rs. 1500,74,15507,577579,601042,923327,,,Quetta,15-05-2018,View
129,Rs. 7500,74,286810,264426,405666,622258,,,Hyderabad,02-05-2018,View
130,Rs. 25000,25,811271,408684,507018,859416,,,Faisalabad,02-05-2018,View
131,Rs. 750,74,82423,180469,384302,611891,,,Rawalpindi,16-04-2018,View
132,Rs. 15000,74,264322,325798,339809,997942,,,Multan,02-04-2018,View
133,Rs. 200,73,629636,35474,172997,202532,425987.0,661011.0,Faisalabad,15-03-2018,View
134,Rs. 40000 Premium,4,434303,23961,519469,931526,,,Hyderabad,12-03-2018,View
135,Rs. 40000,73,668593,170191,644203,833081,,,Lahore,28-02-2018,View
136,Rs. 100,21,786640,147056,374427,780469,,,Multan,15-02-2018,View
137,Rs. 1500,73,635576,354086,617702,978482,,,Karachi,15-02-2018,View
138,Rs. 7500,73,4385,33988,211290,439491,,,Peshawar,01-02-2018,View
139,Rs. 25000,24,46812,581055,769672,775572,,,Quetta,01-02-2018,View
140,Rs. 750,73,156055,177661,786994,953433,,,Lahore,15-01-2018,View
141,Rs. 15000,73,389896,82867,296919,311272,,,Muzaffarabad,02-01-2018,View
142,Rs. 200,72,210469,194931,253137,736625,813704.0,945432.0,Lahore,15-12-2017,View
143,Rs. 40000 Premium,3,51122,543960,579951,604974,,,Karachi,11-12-2017,View
144,Rs. 40000,72,247043,13100,423671,972563,,,Faisalabad,04-12-2017,View
145,Rs. 1500,72,180231,287457,755034,974057,,,Peshawar,15-11-2017,View
146,Rs. 100,20,844250,227550,261619,473154,,,Hyderabad,15-11-2017,View
147,Rs. 7500,72,636053,645869,765349,803833,,,Quetta,01-11-2017,View
148,Rs. 25000,23,30166,93312,448540,948110,,,Karachi,01-11-2017,View
149,Rs. 750,72,960247,24343,323583,883704,,,Hyderabad,16-10-2017,View
150,Rs. 15000,72,945895,214313,821930,848054,,,Multan,02-10-2017,View
151,Rs. 200,71,359978,163029,290668,455132,558143.0,600284.0,Muzaffarabad,15-09-2017,View
152,Rs. 40000 Premium,2,96218,276032,794074,847494,,,Lahore,11-09-2017,View
153,Rs. 40000,71,267089,148248,427682,518891,,,Hyderabad,05-09-2017,View
154,Rs. 100,19,588349,302075,342248,606809,,,Karachi,15-08-2017,View
155,Rs. 1500,71,212238,30485,41720,762207,,,Multan,15-08-2017,View
156,Rs. 7500,71,321039,230438,260581,920583,,,Rawalpindi,01-08-2017,View
157,Rs. 25000,22,671711,289963,873389,972525,,,Peshawar,01-08-2017,View
158,Rs. 750,71,624455,590977,630169,838033,,,Lahore,17-07-2017,View
159,Rs. 15000,71,184483,401319,567986,679371,,,Muzaffarabad,04-07-2017,View
160,Rs. 200,70,732880,142513,320186,343783,634887.0,954354.0,Karachi,15-06-2017,View
161,Rs. 40000 Premium,1,570672,138786,343560,745872,,,Peshawar,12-06-2017,View
162,Rs. 40000,70,498138,68004,356104,795515,,,Rawalpindi,01-06-2017,View
163,Rs. 100,18,409526,268510,512155,992691,,,Quetta,15-05-2017,View
164,Rs. 1500,70,417651,160416,227621,464325,,,Lahore,15-05-2017,View
165,Rs. 7500,70,880015,56143,690585,961094,,,Faisalabad,02-05-2017,View
166,Rs. 25000,21,228192,380730,456407,577573,,,Multan,02-05-2017,View
167,Rs. 750,70,58047,130872,158358,623603,,,Peshawar,17-04-2017,View
168,Rs. 15000,70,791005,15856,372039,697492,,,Lahore,03-04-2017,View
169,Rs. 200,69,499831,117416,404794,419898,898975.0,947555.0,Rawalpindi,15-03-2017,View
170,Rs. 40000,69,35150,75972,702485,981551,,,Karachi,01-03-2017,View
171,Rs. 100,17,669572,212507,773831,869983,,,Muzaffarabad,15-02-2017,View
172,Rs. 1500,69,631269,645333,745980,878989,,,Hyderabad,15-02-2017,View
173,Rs. 7500,69,872005,96736,745547,961626,,,Peshawar,01-02-2017,View
174,Rs. 25000,20,179999,176979,319778,587015,,,Quetta,01-02-2017,View
175,Rs. 750,69,494769,117001,657258,902389,,,Faisalabad,16-01-2017,View
176,Rs. 15000,69,122017,257402,448844,768319,,,Rawalpindi,03-01-2017,View
177,Rs. 200,68,714160,156937,157762,299548,409501.0,950066.0,Multan,15-12-2016,View
178,Rs. 40000,68,162569,876,1442,252502,,,Peshawar,01-12-2016,View
179,Rs. 100,16,89577,254642,613887,900698,,,Rawalpindi,15-11-2016,View
180,Rs. 1500,68,720767,76434,154035,500948,,,Karachi,15-11-2016,View
181,Rs. 7500,68,27261,62476,66733,594797,,,Hyderabad,01-11-2016,View
182,Rs. 25000,19,631483,157424,206261,525107,,,Muzaffarabad,01-11-2016,View
183,Rs. 750,68,381865,588975,626365,643557,,,Quetta,17-10-2016,View
184,Rs. 15000,68,65699,203807,481443,487565,,,Faisalabad,03-10-2016,View
185,Rs. 200,67,385257,215213,264330,624771,879095.0,935025.0,Peshawar,15-09-2016,View
186,Rs. 40000,67,656030,177469,249061,975738,,,Multan,01-09-2016,View
187,Rs. 100,15,921698,122017,405903,474833,,,Lahore,15-08-2016,View
188,Rs. 1500,67,348344,147641,359924,837037,,,Rawalpindi,15-08-2016,View
189,Rs. 7500,67,936960,219682,825663,986862,,,Karachi,01-08-2016,View
190,Rs. 25000,18,21449,168427,855798,949022,,,Hyderabad,01-08-2016,View
191,Rs. 750,67,370297,32890,166996,757992,,,Muzaffarabad,18-07-2016,View
192,Rs. 15000,67,940031,22408,92424,560730,,,Quetta,04-07-2016,View
193,Rs. 200,66,719296,352080,392071,457770,467851.0,886401.0,Faisalabad,15-06-2016,View
194,Rs. 40000,66,190460,218395,660391,679301,,,Lahore,01-06-2016,View
195,Rs. 100,14,920143,482847,877764,919143,,,Peshawar,16-05-2016,View
196,Rs. 1500,66,532148,413902,523304,912440,,,Multan,16-05-2016,View
197,Rs. 7500,66,363381,436560,455481,863988,,,Lahore,02-05-2016,View
198,Rs. 25000,17,485400,39885,157468,408116,,,Rawalpindi,02-05-2016,View
199,Rs. 750,66,326499,140244,295557,945590,,,Karachi,15-04-2016,View
200,Rs. 15000,66,487795,54561,534183,813641,,,Hyderabad,01-04-2016,View
201,Rs. 200,65,296944,594014,607072,740450,875569.0,958905.0,Muzaffarabad,15-03-2016,View
202,Rs. 40000,65,190031,255667,464598,856024,,,Quetta,01-03-2016,View
203,Rs. 1500,65,748085,338227,701280,996309,,,Peshawar,15-02-2016,View
204,Rs. 100,13,866825,373204,732343,967456,,,Faisalabad,15-02-2016,View
205,Rs. 7500,65,775785,15376,596864,777679,,,Multan,01-02-2016,View
206,Rs. 25000,16,755928,737699,845673,984323,,,Lahore,01-02-2016,View
207,Rs. 750,65,805734,657119,796232,916826,,,Rawalpindi,15-01-2016,View
208,Rs. 15000,65,997321,103941,683628,734698,,,Karachi,04-01-2016,View
209,Rs. 200,64,592635,138780,192844,608758,925399.0,947935.0,Faisalabad,15-12-2015,View
210,Rs. 40000,64,60692,330433,338995,751878,,,Rawalpindi,01-12-2015,View
211,Rs. 100,12,571448,31186,242006,538816,,,Karachi,16-11-2015,View
212,Rs. 1500,64,474026,521700,538648,807500,,,Quetta,16-11-2015,View
213,Rs. 25000,15,185716,76022,88008,325312,,,Multan,02-11-2015,View
214,Rs. 7500,64,326731,64235,208651,641071,,,Lahore,02-11-2015,View
215,Rs. 750,64,982732,27902,550367,838001,,,Hyderabad,15-10-2015,View
216,Rs. 15000,64,963920,442107,752952,759945,,,Muzaffarabad,01-10-2015,View
217,Rs. 200,63,105895,21647,86257,852578,878436.0,953043.0,Peshawar,15-09-2015,View
218,Rs. 40000,63,510271,377645,823758,852357,,,Faisalabad,01-09-2015,View
219,Rs. 100,11,401787,203924,212810,837694,,,Multan,17-08-2015,View
220,Rs. 1500,63,380897,328571,349641,460547,,,Karachi,17-08-2015,View
221,Rs. 7500,63,178967,26240,730517,753127,,,Rawalpindi,03-08-2015,View
222,Rs. 25000,14,953805,5653,226193,296951,,,Lahore,03-08-2015,View
223,Rs. 750,63,760833,274397,754236,910787,,,Quetta,15-07-2015,View
224,Rs. 15000,63,420462,468423,623790,745912,,,Hyderabad,02-07-2015,View
225,Rs. 200,62,443829,292902,341488,410904,595682.0,952040.0,Muzaffarabad,15-06-2015,View
226,Rs. 40000,62,826837,36187,115250,845578,,,Peshawar,01-06-2015,View
227,Rs. 100,10,419660,299416,355773,470399,,,Faisalabad,15-05-2015,View
228,Rs. 1500,62,512421,367872,727729,735235,,,Multan,15-05-2015,View
229,Rs. 7500,62,544458,512352,548373,554503,,,Karachi,04-05-2015,View
230,Rs. 25000,13,273592,100797,102908,350706,,,Islamabad,04-05-2015,View
231,Rs. 750,62,911372,294285,417878,758637,,,Lahore,15-04-2015,View
232,Rs. 15000,62,7251,194256,279879,445735,,,Quetta,01-04-2015,View
233,Rs. 200,61,771403,113172,282421,510622,698608.0,765898.0,Hyderabad,16-03-2015,View
234,Rs. 40000,61,946051,289502,333165,345202,,,Muzaffarabad,02-03-2015,View
235,Rs. 100,9,446906,36427,704732,714507,,,Peshawar,16-02-2015,View
236,Rs. 1500,61,749492,457346,692793,914362,,,Faisalabad,16-02-2015,View
237,Rs. 7500,61,676836,315869,481645,645462,,,Multan,02-02-2015,View
238,Rs. 25000,12,727435,239929,582820,904720,,,Karachi,02-02-2015,View
239,Rs. 750,61,163360,547025,835893,948710,,,Rawalpindi,15-01-2015,View
240,Rs. 15000,61,249376,15682,206804,898041,,,Lahore,02-01-2015,View
241,Rs. 200,60,774407,4323,286614,666644,682537.0,907112.0,Lahore,15-12-2014,View
242,Rs. 40000,60,517642,457648,851834,865322,,,Karachi,01-12-2014,View
243,Rs. 100,8,330770,182029,505403,807887,,,Quetta,17-11-2014,View
244,Rs. 1500,60,423616,446659,865808,994771,,,Faisalabad,17-11-2014,View
245,Rs. 7500,60,841853,76696,538729,906880,,,Rawalpindi,05-11-2014,View
246,Rs. 25000,11,423620,302241,303508,589358,,,Hyderabad,05-11-2014,View
247,Rs. 750,60,409087,153627,695616,987816,,,Peshawar,15-10-2014,View
248,Rs. 15000,60,968892,43952,106450,291004,,,Muzaffarabad,01-10-2014,View
249,Rs. 200,59,202242,400548,492702,552451,584301.0,615709.0,Faisalabad,15-09-2014,View
250,Rs. 40000,59,247243,306003,388819,957231,,,Hyderabad,01-09-2014,View
251,Rs. 1500,59,950330,340316,510132,676221,,,Lahore,15-08-2014,View
252,Rs. 100,7,864256,68370,273289,701758,,,Multan,15-08-2014,View
253,Rs. 7500,59,701495,406335,810012,845674,,,Peshawar,04-08-2014,View
254,Rs. 25000,10,594936,35260,416910,518336,,,Karachi,04-08-2014,View
255,Rs. 750,59,795153,107586,227008,796010,,,Muzaffarabad,15-07-2014,View
256,Rs. 15000,59,403849,274971,647103,705707,,,Multan,02-07-2014,View
257,Rs. 200,58,825563,105596,380914,809083,928656.0,962381.0,Quetta,16-06-2014,View
258,Rs. 40000,58,615846,48149,329853,733528,,,Faisalabad,02-06-2014,View
259,Rs. 100,6,37942,436449,475957,696570,,,Lahore,15-05-2014,View
260,Rs. 1500,58,930079,270397,579451,745877,,,Peshawar,15-05-2014,View
261,Rs. 7500,58,187100,262353,409671,453556,,,Hyderabad,02-05-2014,View
262,Rs. 25000,9,955812,101089,660622,933600,,,Muzaffarabad,02-05-2014,View
263,Rs. 750,58,852954,155479,424358,829364,,,Karachi,15-04-2014,View
264,Rs. 15000,58,884935,130030,735201,858749,,,Rawalpindi,01-04-2014,View
265,Rs. 200,57,923987,66519,458035,718363,802131.0,923798.0,Hyderabad,17-03-2014,View
266,Rs. 40000,57,495678,73546,237908,565106,,,Peshawar,03-03-2014,View
267,Rs. 100,5,287615,7634,70333,456622,,,Muzaffarabad,17-02-2014,View
268,Rs. 1500,57,97759,276315,282461,435523,,,Multan,17-02-2014,View
269,Rs. 7500,57,793672,662885,677218,811157,,,Faisalabad,03-02-2014,View
270,Rs. 25000,8,710524,396251,678355,816282,,,Lahore,03-02-2014,View
271,Rs. 750,57,705840,439991,539415,759412,,,Rawalpindi,15-01-2014,View
272,Rs. 15000,57,457470,69106,366848,517990,,,Karachi,02-01-2014,View
273,Rs. 200,56,58709,46499,130182,330633,468096.0,768754.0,Lahore,16-12-2013,View
274,Rs. 40000,56,188024,489986,631220,752792,,,Faisalabad,02-12-2013,View
275,Rs. 100,4,361467,195749,249516,568326,,,Lahore,18-11-2013,View
276,Rs. 1500,56,638901,37468,198195,877732,,,Rawalpindi,18-11-2013,View
277,Rs. 7500,56,560022,108951,404745,951153,,,Multan,01-11-2013,View
278,Rs. 25000,7,218850,398464,506718,959586,,,Muzaffarabad,01-11-2013,View
279,Rs. 750,56,623756,216582,742338,797836,,,Karachi,21-10-2013,View
280,Rs. 15000,56,450492,67593,591241,893492,,,Rawalpindi,01-10-2013,View
281,Rs. 200,55,314719,167693,378800,566206,897640.0,948427.0,Hyderabad,16-09-2013,View
282,Rs. 40000,55,370978,237379,279417,596645,,,Multan,02-09-2013,View
283,Rs. 100,3,411747,150360,322931,645502,,,Faisalabad,15-08-2013,View
284,Rs. 1500,55,319356,242416,501494,900365,,,Peshawar,15-08-2013,View
285,Rs. 7500,55,395317,447374,564229,694916,,,Karachi,01-08-2013,View
286,Rs. 25000,6,4092,326216,349683,396576,,,Multan,01-08-2013,View
287,Rs. 750,55,157831,342353,712325,841308,,,Rawalpindi,15-07-2013,View
288,Rs. 15000,55,987861,475066,566407,987938,,,Muzaffarabad,02-07-2013,View
289,Rs. 200,54,710810,295279,436912,763164,817847.0,938316.0,Quetta,17-06-2013,View
290,Rs. 40000,54,570,887883,967760,986817,,,Lahore,03-06-2013,View
291,Rs. 100,2,651488,48066,630362,733236,,,Rawalpindi,15-05-2013,View
292,Rs. 1500,54,683308,119906,566916,649983,,,Hyderabad,15-05-2013,View
293,Rs. 7500,54,243302,190599,267059,652149,,,Muzaffarabad,02-05-2013,View
294,Rs. 25000,5,442680,322519,328177,679002,,,Karachi,02-05-2013,View
295,Rs. 750,54,126541,187189,369088,528635,,,Multan,15-04-2013,View
296,Rs. 15000,54,894662,594216,673739,781590,,,Peshawar,01-04-2013,View
297,Rs. 200,53,331333,291686,540548,687036,759306.0,909774.0,Faisalabad,15-03-2013,View
298,Rs. 40000,53,58371,29457,623159,792481,,,Hyderabad,01-03-2013,View
299,Rs. 100,1,316342,523676,841768,995837,,,Karachi,15-02-2013,View
300,Rs. 1500,53,818127,5904,902018,941425,,,Quetta,15-02-2013,View
301,Rs. 7500,53,923689,234129,491161,835020,,,Lahore,01-02-2013,View
302,Rs. 25000,4,703071,74319,824034,846679,,,Faisalabad,01-02-2013,View
303,Rs. 750,53,714654,86708,586854,862565,,,Peshawar,15-01-2013,View
304,Rs. 15000,53,347133,109166,398030,426237,,,Multan,02-01-2013,View
305,Rs. 200,52,663354,142516,211941,453794,512535.0,704928.0,Peshawar,17-12-2012,View
306,Rs. 40000,52,57951,21863,631224,998514,,,Quetta,03-12-2012,View
307,Rs. 1500,52,880675,685887,783530,835984,,,Karachi,15-11-2012,View
308,Rs. 7500,52,340633,243319,461018,612465,,,Lahore,01-11-2012,View
309,Rs. 25000,3,53047,330492,343421,830796,,,Hyderabad,01-11-2012,View
310,Rs. 750,52,917655,146328,147071,424796,,,Faisalabad,15-10-2012,View
311,Rs. 15000,52,62434,203846,889456,995583,,,Rawalpindi,01-10-2012,View
312,Rs. 200,51,421278,192784,457201,718726,835889.0,874880.0,Muzaffarabad,17-09-2012,View
313,Rs. 40000,51,268736,5272,412135,848148,,,Karachi,03-09-2012,View
314,Rs. 1500,51,256095,308640,490027,897870,,,Hyderabad,15-08-2012,View
315,Rs. 7500,51,935779,104536,196068,424548,,,Multan,01-08-2012,View
316,Rs. 25000,2,751620,76734,432344,919834,,,Lahore,01-08-2012,View
317,Rs. 750,51,419572,187426,190480,728060,,,Rawalpindi,16-07-2012,View
318,Rs. 15000,51,359373,14231,603193,636603,,,Muzaffarabad,03-07-2012,View
319,Rs. 200,50,302259,154207,501683,553802,590450.0,989359.0,Quetta,15-06-2012,View
320,Rs. 40000,50,590822,656215,681527,749151,,,Lahore,01-06-2012,View
321,Rs. 1500,50,639187,198401,368313,532536,,,Peshawar,15-05-2012,View
322,Rs. 7500,50,17222,286723,355012,438329,,,Faisalabad,02-05-2012,View
323,Rs. 25000,1,573744,460507,775760,843529,,,Rawalpindi,02-05-2012,View
324,Rs. 750,50,136114,564275,717074,955696,,,Karachi,16-04-2012,View
325,Rs. 15000,50,189377,117276,239714,352926,,,Hyderabad,02-04-2012,View
326,Rs. 200,49,323713,182400,752122,791866,841849.0,937277.0,Lahore,15-03-2012,View
327,Rs. 40000,49,571683,68044,971488,990378,,,Rawalpindi,01-03-2012,View
328,Rs. 1500,49,339904,139848,155164,898593,,,Multan,15-02-2012,View
329,Rs. 7500,49,814328,66286,431310,949229,,,Muzaffarabad,01-02-2012,View
330,Rs. 750,49,497831,132287,240705,727121,,,Hyderabad,16-01-2012,View
331,Rs. 15000,49,646339,260042,908123,908764,,,Faisalabad,03-01-2012,View
332,Rs. 200,48,484688,78351,268915,348803,808191.0,921234.0,Karachi,15-12-2011,View
333,Rs. 40000,48,984518,224578,440718,609066,,,Peshawar,01-12-2011,View
334,Rs. 1500,48,945437,4802,335717,757747,,,Lahore,15-11-2011,View
335,Rs. 7500,48,47197,579044,585397,989358,,,Muzaffarabad,01-11-2011,View
336,Rs. 750,48,91805,104437,222097,971078,,,Rawalpindi,17-10-2011,View
337,Rs. 15000,48,106948,333783,607373,924832,,,Faisalabad,01-10-2011,View
338,Rs. 200,47,288057,11848,21669,406012,610641.0,724360.0,Quetta,15-09-2011,View
339,Rs. 40000,47,371052,719640,854980,907964,,,Hyderabad,05-09-2011,View
340,Rs. 1500,47,799571,216848,462400,985433,,,Multan,15-08-2011,View
341,Rs. 7500,47,675037,29104,101033,785818,,,Karachi,01-08-2011,View
342,Rs. 750,47,631507,18906,118503,498478,,,Faisalabad,15-07-2011,View
343,Rs. 15000,47,830121,711100,723860,980246,,,Lahore,02-07-2011,View
344,Rs. 200,46,124485,64099,154369,428957,868376.0,959936.0,Rawalpindi,15-06-2011,View
345,Rs. 40000,46,418846,332718,621924,824253,,,Quetta,01-06-2011,View
346,Rs. 1500,46,466063,107347,259274,695767,,,Peshawar,16-05-2011,View
347,Rs. 7500,46,130612,221459,433838,889153,,,Hyderabad,02-05-2011,View
348,Rs. 750,46,359875,30207,154907,564781,,,Lahore,15-04-2011,View
349,Rs. 15000,46,519747,235480,240754,993640,,,Karachi,01-04-2011,View
350,Rs. 200,45,126434,259733,305219,503502,610952.0,918956.0,Multan,15-03-2011,View
351,Rs. 40000,45,484022,452974,591806,918425,,,Muzaffarabad,01-03-2011,View
352,Rs. 1500,45,428853,248550,597170,819082,,,Faisalabad,15-02-2011,View
353,Rs. 7500,45,171759,51430,165502,482680,,,Rawalpindi,01-02-2011,View
354,Rs. 750,45,814544,100930,106130,578023,,,Quetta,15-01-2011,View
355,Rs. 15000,45,18847,18846,246664,703584,,,Peshawar,03-01-2011,View
356,Rs. 200,44,402087,344173,409174,567973,613229.0,910320.0,Hyderabad,15-12-2010,View
357,Rs. 40000,44,864157,151766,273862,506000,,,Multan,01-12-2010,View
358,Rs. 1500,44,397799,11632,148713,366629,,,Muzaffarabad,15-11-2010,View
359,Rs. 7500,44,319715,290603,600408,838810,,,Lahore,01-11-2010,View
360,Rs. 750,44,63600,674133,728217,800841,,,Karachi,15-10-2010,View
361,Rs. 15000,44,986589,2183,253519,374012,,,Rawalpindi,01-10-2010,View
362,Rs. 200,43,819421,102947,348103,702104,828421.0,838421.0,Peshawar,15-09-2010,View
363,Rs. 40000,43,216626,311596,515586,814566,,,Lahore,01-09-2010,View
364,Rs. 1500,43,782034,605491,605592,876813,,,Karachi,16-08-2010,View
365,Rs. 7500,43,303508,55085,220147,885285,,,Faisalabad,02-08-2010,View
366,Rs. 750,43,453884,39619,537300,578549,,,Quetta,15-07-2010,View
367,Rs. 15000,43,896902,463128,615581,747716,,,Hyderabad,02-07-2010,View
368,Rs. 200,42,218251,420729,543989,665616,752327.0,833934.0,Lahore,15-06-2010,View
369,Rs. 40000,42,123552,58865,401208,659785,,,Rawalpindi,01-06-2010,View
370,Rs. 1500,42,462486,57257,305460,569277,,,Bahawalpur,17-05-2010,View
371,Rs. 7500,42,858251,33926,510749,625688,,,Quetta,03-05-2010,View
372,Rs. 750,42,236824,170344,657678,895430,,,Multan,15-04-2010,View
373,Rs. 15000,42,388629,358329,472866,530632,,,Muzaffarabad,01-04-2010,View
374,Rs. 200,41,349928,139854,509493,579777,695665.0,785280.0,Faisalabad,15-03-2010,View
375,Rs. 40000,41,489084,130145,210843,595282,,,Karachi,01-03-2010,View
376,Rs. 1500,41,739342,235316,597928,897994,,,Rawalpindi,15-02-2010,View
377,Rs. 7500,41,399077,599834,721296,910141,,,Peshawar,01-02-2010,View
378,Rs. 750,41,733918,568369,676157,862789,,,Bahawalpur,15-01-2010,View
379,Rs. 15000,41,702953,293111,579362,851520,,,Multan,02-01-2010,View
380,Rs. 200,40,359331,454285,455335,640107,646427.0,942817.0,Sukkur,15-12-2009,View
381,Rs. 40000,40,99528,276771,568597,933753,,,Faisalabad,01-12-2009,View
382,Rs. 1500,40,879023,196450,455227,932738,,,Hyderabad,16-11-2009,View
383,Rs. 7500,40,865222,172363,220975,564642,,,Islamabad,02-11-2009,View
384,Rs. 750,40,414564,39355,247996,622700,,,Karachi,15-10-2009,View
385,Rs. 15000,40,998442,541470,695047,710063,,,Multan,01-10-2009,View
386,Rs. 200,39,127560,88121,321057,585943,687669.0,726332.0,Lahore,15-09-2009,View
387,Rs. 40000,39,305472,236725,676795,869657,,,Quetta,01-09-2009,View
388,Rs. 1500,39,419264,198769,356152,942735,,,Bahawalpur,15-08-2009,View
389,Rs. 7500,39,487306,11297,553222,880206,,,Sukkur,01-08-2009,View
390,Rs. 750,39,103583,355235,578460,878270,,,Peshawar,15-07-2009,View
391,Rs. 15000,39,372827,286180,372827,432728,,,Rawalpindi,02-07-2009,View
392,Rs. 200,38,55127,246922,523394,668785,889419.0,914331.0,Hyderabad,15-06-2009,View
393,Rs. 40000,38,797878,460879,797733,886956,,,Sialkot,01-06-2009,View
394,Rs. 1500,38,793319,80618,497956,881806,,,Muzaffarabad,15-05-2009,View
395,Rs. 7500,38,507214,286969,825217,990721,,,Multan,02-05-2009,View
396,Rs. 750,38,972785,172765,491417,806452,,,Faisalabad,15-04-2009,View
397,Rs. 15000,38,613366,85151,175640,344838,,,Karachi,01-04-2009,View
398,Rs. 200,37,853303,128180,267966,463218,602960.0,938895.0,Rawalpindi,17-03-2009,View
399,Rs. 40000,37,651086,543391,633208,793369,,,Lahore,02-03-2009,View
400,Rs. 1500,37,603131,37098,459246,489502,,,Quetta,16-02-2009,View
401,Rs. 7500,37,328122,628468,739122,890233,,,Bahawalpur,02-02-2009,View
402,Rs. 750,37,249717,221016,657531,899194,,,Gujranwala,15-01-2009,View
403,Rs. 15000,37,904860,258427,543075,712698,,,Peshawar,02-01-2009,View
404,Rs. 200,36,342441,154053,378929,442409,506537.0,807696.0,Islamabad,15-12-2008,View
405,Rs. 40000,36,860502,194840,458954,952211,,,Sukkur,01-12-2008,View
406,Rs. 1500,36,315791,628281,679641,964314,,,Multan,15-11-2008,View
407,Rs. 7500,36,161112,89552,185617,917048,,,Lahore,01-11-2008,View
408,Rs. 750,36,361846,107225,299109,461906,,,Hyderabad,15-10-2008,View
409,Rs. 15000,36,521102,162283,473810,949627,,,Quetta,04-10-2008,View
410,Rs. 200,35,346011,57289,133877,300574,309928.0,347187.0,Karachi,15-09-2008,View
411,Rs. 40000,35,695977,577520,788413,877509,,,Multan,01-09-2008,View
412,Rs. 1500,35,351701,862,102806,429119,,,Sukkur,15-08-2008,View
413,Rs. 7500,35,396921,15539,147842,554235,,,Rawalpindi,01-08-2008,View
414,Rs. 750,35,890862,228284,747388,890826,,,Bahawalpur,15-07-2008,View
415,Rs. 15000,35,709794,145894,880459,971307,,,Faisalabad,02-07-2008,View
416,Rs. 200,34,571928,21193,163489,601465,,,Peshawar,16-06-2008,View
417,Rs. 40000,34,115557,527245,542974,900828,,,Hyderabad,02-06-2008,View
418,Rs. 1500,34,151747,435193,666312,828485,,,Faisalabad,15-05-2008,View
419,Rs. 7500,34,106948,74460,481121,624686,,,Karachi,02-05-2008,View
420,Rs. 750,34,526400,259084,458975,941542,,,Muzaffarabad,15-04-2008,View
421,Rs. 15000,34,942023,193170,600885,764642,,,Sialkot,01-04-2008,View
422,Rs. 200,33,325156,12679,17245,78480,,,Lahore,15-03-2008,View
423,Rs. 40000,33,900774,355629,479596,920778,,,Rawalpindi,01-03-2008,View
424,Rs. 1500,33,365656,181792,693790,872244,,,Gujranwala,15-02-2008,View
425,Rs. 7500,33,975299,204509,364500,861410,,,Peshawar,01-02-2008,View
426,Rs. 750,33,4596,21100,752073,788284,,,Quetta,15-01-2008,View
427,Rs. 15000,33,552122,36660,70490,970667,,,Bahawalpur,02-01-2008,View
428,Rs. 200,32,55542,278504,619548,778503,,,Multan,15-12-2007,View
429,Rs. 40000,32,422601,60297,394884,633069,,,Lahore,01-12-2007,View
430,Rs. 1500,32,982700,595349,652897,733488,,,Faisalabad,15-11-2007,View
431,Rs. 7500,32,98471,157241,210300,505138,,,Sukkur,01-11-2007,View
432,Rs. 750,32,827184,184300,541249,991249,,,Islamabad,17-10-2007,View
433,Rs. 15000,32,722523,55448,400089,885617,,,Gujranwala,01-10-2007,View
434,Rs. 200,31,127553,142732,247454,292032,,,Hyderabad,15-09-2007,View
435,Rs. 40000,31,869860,113652,562989,735247,,,Rawalpindi,01-09-2007,View
436,Rs. 1500,31,348093,308546,671173,867760,,,Sialkot,15-08-2007,View
437,Rs. 7500,31,433581,313233,317404,832105,,,Bahawalpur,01-08-2007,View
438,Rs. 750,31,248453,89686,673738,910337,,,Karachi,16-07-2007,View
439,Rs. 15000,31,435395,164447,412361,547730,,,Quetta,03-07-2007,View
440,Rs. 200,30,688689,331118,421844,968569,,,Muzaffarabad,15-06-2007,View
441,Rs. 40000,30,700780,129418,384566,510601,,,Karachi,01-06-2007,View
442,Rs. 1500,30,793392,200655,796206,796551,,,Bahawalpur,15-05-2007,View
443,Rs. 7500,30,662636,3739,542581,995130,,,Hyderabad,02-05-2007,View
444,Rs. 750,30,278416,329447,549604,739416,,,Peshawar,16-04-2007,View
445,Rs. 15000,30,283059,47583,193059,528498,,,Multan,02-04-2007,View
446,Rs. 200,29,562448,345876,402117,613291,,,Quetta,15-03-2007,View
447,Rs. 40000,29,495417,19260,130736,551690,,,Peshawar,01-03-2007,View
448,Rs. 1500,29,946875,3761,218456,759642,,,Sukkur,15-02-2007,View
449,Rs. 7500,29,547345,664990,665999,993820,,,Rawalpindi,01-02-2007,View
450,Rs. 750,29,829275,227759,447759,842059,,,Lahore,15-01-2007,View
451,Rs. 15000,29,167648,24836,413065,757504,,,Faisalabad,04-01-2007,View
452,Rs. 200,28,341352,687530,895804,982465,,,Islamabad,15-12-2006,View
453,Rs. 40000,28,155006,769827,887161,986630,,,Gujranwala,01-12-2006,View
454,Rs. 1500,28,912108,58857,226591,494030,,,Sukkur,15-11-2006,View
455,Rs. 7500,28,412928,26685,265712,812194,,,Faisalabad,01-11-2006,View
456,Rs. 750,28,100754,64496,370711,555496,,,Multan,16-10-2006,View
457,Rs. 15000,28,697940,9399,441659,713408,,,Lahore,02-10-2006,View
458,Rs. 200,27,681052,388312,568951,780912,,,Karachi,15-09-2006,View
459,Rs. 40000,27,865922,431580,764647,884898,,,Karachi,02-09-2006,View
460,Rs. 1500,27,70001,111301,179725,677725,,,Bahawalpur,15-08-2006,View
461,Rs. 7500,27,557663,120252,143056,889193,,,Sialkot,01-08-2006,View
462,Rs. 750,27,598906,62192,598996,599866,,,Hyderabad,15-07-2006,View
463,Rs. 15000,27,69004,65344,330180,737960,,,Rawalpindi,03-07-2006,View
464,Rs. 200,26,946113,103409,858059,977810,,,Peshawar,15-06-2006,View
465,Rs. 40000,26,279684,69873,569088,965949,,,Multan,01-06-2006,View
466,Rs. 1500,26,780515,94646,473240,821540,,,Hyderabad,15-05-2006,View
467,Rs. 7500,26,703683,136687,233277,445844,,,Bahawalpur,02-05-2006,View
468,Rs. 750,26,503970,158323,168721,823476,,,Muzaffarabad,15-04-2006,View
469,Rs. 15000,26,558667,254471,296638,521673,,,Karachi,01-04-2006,View
470,Rs. 200,25,49064,9598,280989,431462,,,Lahore,15-03-2006,View
471,Rs. 40000,25,143421,364286,519754,938949,,,Faisalabad,01-03-2006,View
472,Rs. 1500,25,222468,249828,462891,708824,,,Rawalpindi,15-02-2006,View
473,Rs. 7500,25,654529,233115,567738,729266,,,Sukkur,02-02-2006,View
474,Rs. 750,25,486101,202058,480801,939236,,,Quetta,15-01-2006,View
475,Rs. 15000,25,412792,470862,833862,944987,,,Peshawar,02-01-2006,View
476,Rs. 200,24,837239,603717,761804,815995,,,Hyderabad,15-12-2005,View
477,Rs. 40000,24,607963,22927,264374,872900,,,Lahore,01-12-2005,View
478,Rs. 1500,24,345439,36581,182707,294416,,,Sialkot,15-11-2005,View
479,Rs. 7500,24,894396,172913,612974,727401,,,Karachi,02-11-2005,View
480,Rs. 750,24,655937,254038,255838,778454,,,Quetta,15-10-2005,View
481,Rs. 15000,24,456621,71266,125034,916597,,,Gujranwala,01-10-2005,View
482,Rs. 200,23,411830,85589,212567,266667,,,Karachi,15-09-2005,View
483,Rs. 40000,23,879479,22456,107158,296504,,,Islamabad,01-09-2005,View
484,Rs. 1500,23,234846,508904,734712,967195,,,Rawalpindi,15-08-2005,View
485,Rs. 7500,23,530753,695586,904490,943905,,,Peshawar,01-08-2005,View
486,Rs. 750,23,966519,168700,185006,756162,,,Bahawalpur,15-07-2005,View
487,Rs. 15000,23,639455,390097,886833,971410,,,Quetta,02-07-2005,View
488,Rs. 200,22,930471,241515,369300,852892,,,Rawalpindi,15-06-2005,View
489,Rs. 40000,22,606670,44270,450918,519175,,,Karachi,01-06-2005,View
490,Rs. 1500,22,227112,367989,399091,743508,,,Lahore,16-05-2005,View
491,Rs. 7500,22,856566,148943,635754,760695,,,Islamabad,02-05-2005,View
492,Rs. 750,22,199338,288233,543806,836940,,,Faisalabad,15-04-2005,View
493,Rs. 15000,22,253454,149627,473151,713453,,,Multan,01-04-2005,View
494,Rs. 200,21,141969,70003,316744,560036,,,Lahore,15-03-2005,View
495,Rs. 40000,21,705328,57885,223452,565503,,,Peshawar,01-03-2005,View
496,Rs. 1500,21,757243,376004,521869,699472,,,Sukkur,15-02-2005,View
497,Rs. 7500,21,156070,308628,429424,673770,,,Muzaffarabad,01-02-2005,View
498,Rs. 750,21,266315,147474,554020,579962,,,Islamabad,15-01-2005,View
499,Rs. 15000,21,132533,137274,585196,670578,,,Faisalabad,03-01-2005,View
500,Rs. 200,20,940046,191998,788279,789535,,,Gujranwala,15-12-2004,View
501,Rs. 40000,20,692795,237195,433484,831678,,,Lahore,01-12-2004,View
502,Rs. 1500,20,341747,341050,952463,952498,,,Karachi,18-11-2004,View
503,Rs. 7500,20,1134,163171,259549,540768,,,Rawalpindi,01-11-2004,View
504,Rs. 750,20,278995,63572,279703,800636,,,Bahawalpur,15-10-2004,View
505,Rs. 15000,20,553808,142661,629461,939124,,,Gujranwala,01-10-2004,View
506,Rs. 200,19,253095,98976,425880,652972,,,Karachi,15-09-2004,View
507,Rs. 40000,19,210706,152210,504483,843864,,,Islamabad,01-09-2004,View
508,Rs. 1500,19,480781,71970,209507,362328,,,Quetta,16-08-2004,View
509,Rs. 7500,19,902933,160455,474322,529768,,,Sialkot,02-08-2004,View
510,Rs. 750,19,849614,348514,611986,742214,,,Lahore,15-07-2004,View
511,Rs. 15000,19,671530,225012,349848,898123,,,Peshawar,02-07-2004,View
512,Rs. 200,18,713480,160703,835636,875486,,,Islamabad,15-06-2004,View
513,Rs. 40000,18,530290,526369,543085,830299,,,Karachi,01-06-2004,View
514,Rs. 1500,18,906624,511520,616923,814020,,,Sukkur,15-05-2004,View
515,Rs. 7500,18,318499,420532,659801,730636,,,Faisalabad,04-05-2004,View
516,Rs. 750,18,437687,265659,543274,758006,,,Multan,15-04-2004,View
517,Rs. 15000,18,548015,213957,324174,660816,,,Lahore,01-04-2004,View
518,Rs. 200,17,262069,755501,870872,903114,,,Peshawar,15-03-2004,View
519,Rs. 40000,17,628188,75098,390410,483240,,,Rawalpindi,03-03-2004,View
520,Rs. 1500,17,868265,17969,704648,970876,,,Muzaffarabad,16-02-2004,View
521,Rs. 7500,17,863002,54988,615653,738329,,,Quetta,06-02-2004,View
522,Rs. 750,17,647006,467876,571871,700230,,,Hyderabad,15-01-2004,View
523,Rs. 15000,17,312187,146983,291555,312967,,,Multan,02-01-2004,View
524,Rs. 200,16,932499,185854,203060,426301,,,Lahore,15-12-2003,View
525,Rs. 40000,16,552176,105206,141207,299220,,,Karachi,01-12-2003,View
526,Rs. 1500,16,388572,299169,641821,810257,,,Rawalpindi,15-11-2003,View
527,Rs. 7500,16,339865,90652,681304,842130,,,Gujranwala,01-11-2003,View
528,Rs. 750,16,867220,577084,673464,870074,,,Quetta,15-10-2003,View
529,Rs. 15000,16,92295,2762,711545,849229,,,Lahore,01-10-2003,View
530,Rs. 200,15,16343,63453,81545,615037,,,Multan,15-09-2003,View
531,Rs. 40000,15,327378,63841,347386,614101,,,Peshawar,01-09-2003,View
532,Rs. 1500,15,947873,305052,433992,584583,,,Sialkot,15-08-2003,View
533,Rs. 7500,15,579684,28553,198009,539634,,,Sukkur,01-08-2003,View
534,Rs. 750,15,70763,76767,124174,141175,,,Karachi,15-07-2003,View
535,Rs. 15000,15,106965,426619,637963,658864,,,Islamabad,02-07-2003,View
536,Rs. 200,14,639093,370330,770630,773230,,,Bahawalpur,16-06-2003,View
537,Rs. 40000,14,443946,95502,123981,304407,,,Lahore,02-06-2003,View
538,Rs. 1500,14,898895,74647,367765,613652,,,Faisalabad,16-05-2003,View
539,Rs. 7500,14,85062,282090,414361,541741,,,Quetta,02-05-2003,View
540,Rs. 750,14,849918,7621,211036,251036,,,Islamabad,15-04-2003,View
541,Rs. 15000,14,807588,271029,271325,448467,,,Karachi,01-04-2003,View
542,Rs. 200,13,68359,90290,146673,414377,,,Hyderabad,15-03-2003,View
543,Rs. 40000,13,323589,150104,186147,507739,,,Multan,01-03-2003,View
544,Rs. 1500,13,452518,108182,768437,876343,,,Gujranwala,15-02-2003,View
545,Rs. 7500,13,233976,125577,128358,131476,,,Muzaffarabad,01-02-2003,View
546,Rs. 750,13,406685,172128,176588,343231,,,Peshawar,15-01-2003,View
547,Rs. 15000,13,626450,204542,488008,852794,,,Rawalpindi,02-01-2003,View
548,Rs. 200,12,453540,295295,573542,644524,,,Islamabad,16-12-2002,View
549,Rs. 40000,12,595531,504483,652310,688515,,,Lahore,02-12-2002,View
550,Rs. 1500,12,738580,278580,558680,636017,,,Gujranwala,15-11-2002,View
551,Rs. 7500,12,319716,493,280865,375356,,,Sialkot,01-11-2002,View
552,Rs. 750,12,195989,618612,753979,826024,,,Lahore,15-10-2002,View
553,Rs. 15000,12,855358,206169,461676,515247,,,Karachi,01-10-2002,View
554,Rs. 200,11,255331,93900,144781,197404,,,Quetta,16-09-2002,View
555,Rs. 40000,11,308266,17284,50074,59818,,,Islamabad,02-09-2002,View
556,Rs. 1500,11,217342,7174,72885,235502,,,Sukkur,15-08-2002,View
557,Rs. 7500,11,424792,20508,264089,455777,,,Rawalpindi,01-08-2002,View
558,Rs. 750,11,227713,717713,720841,757843,,,Multan,15-07-2002,View
559,Rs. 15000,11,228039,275581,365257,369252,,,Peshawar,02-07-2002,View
560,Rs. 200,10,303374,126926,394968,555011,,,Karachi,15-06-2002,View
561,Rs. 40000,10,759282,84374,91754,638271,,,Karachi,01-06-2002,View
562,Rs. 1500,10,849951,124265,270254,441755,,,Quetta,15-05-2002,View
563,Rs. 7500,10,973861,420700,539183,545832,,,Faisalabad,02-05-2002,View
564,Rs. 750,10,256287,290566,443286,533336,,,Bahawalpur,15-04-2002,View
565,Rs. 15000,10,347580,449082,539942,626653,,,Lahore,01-04-2002,View
566,Rs. 200,9,193904,3902,270711,835118,,,Peshawar,15-03-2002,View
567,Rs. 40000,9,101483,191433,191653,289305,,,Rawalpindi,01-03-2002,View
568,Rs. 1500,9,437382,114384,119911,159405,,,Muzaffarabad,15-02-2002,View
569,Rs. 7500,9,871640,116164,322162,490631,,,Gujranwala,01-02-2002,View
570,Rs. 750,9,594970,172647,178159,178931,,,Hyderabad,15-01-2002,View
571,Rs. 15000,9,265420,105978,510641,604913,,,Multan,02-01-2002,View
572,Rs. 200,8,818980,2191,475590,548970,,,Hyderabad,15-12-2001,View
573,Rs. 40000,8,73183,313220,434520,508692,,,Karachi,01-12-2001,View
574,Rs. 1500,8,247068,398904,428854,589538,,,Faisalabad,15-11-2001,View
575,Rs. 7500,8,818422,148752,349608,757365,,,Multan,01-11-2001,View
576,Rs. 750,8,740883,32401,117883,421075,,,Gujranwala,15-10-2001,View
577,Rs. 15000,8,870518,18010,357830,583207,,,Lahore,01-10-2001,View
578,Rs. 200,7,968078,103887,143867,668075,,,Rawalpindi,15-09-2001,View
579,Rs. 40000,7,342822,675410,755576,923794,,,Peshawar,01-09-2001,View
580,Rs. 1500,7,743776,116398,503419,681594,,,Karachi,15-08-2001,View
581,Rs. 7500,7,249442,72354,210497,617479,,,Quetta,01-08-2001,View
582,Rs. 750,7,410853,281299,281925,668153,,,Sukkur,16-07-2001,View
583,Rs. 15000,7,288712,187965,339768,439604,,,Multan,03-07-2001,View
584,Rs. 200,6,959859,168870,535850,671897,,,Sialkot,15-06-2001,View
585,Rs. 40000,6,390241,202082,702194,823337,,,Lahore,01-06-2001,View
586,Rs. 1500,6,562584,401326,449636,633888,,,Rawalpindi,15-05-2001,View
587,Rs. 7500,6,725928,78663,392826,537061,,,Peshawar,02-05-2001,View
588,Rs. 750,6,786880,208018,332281,429055,,,Quetta,16-04-2001,View
589,Rs. 15000,6,217188,31119,564875,675965,,,Karachi,02-04-2001,View
590,Rs. 200,5,665525,47054,49952,72993,,,Bahawalpur,15-03-2001,View
591,Rs. 40000,5,203769,343799,352834,699381,,,Multan,01-03-2001,View
592,Rs. 1500,5,636948,98287,128652,455420,,,Gujranwala,15-02-2001,View
593,Rs. 7500,5,763297,295580,296134,642792,,,Lahore,01-02-2001,View
594,Rs. 750,5,677216,195498,404323,677256,,,Muzaffarabad,15-01-2001,View
595,Rs. 15000,5,290364,11006,438365,551369,,,Rawalpindi,02-01-2001,View
596,Rs. 200,4,984540,190357,403432,679475,,,Peshawar,15-12-2000,View
597,Rs. 40000,4,559700,11614,137257,606366,,,Faisalabad,01-12-2000,View
598,Rs. 1500,4,49434,270157,450512,548872,,,Karachi,15-11-2000,View
599,Rs. 7500,4,952701,10482,250334,475842,,,Multan,01-11-2000,View
600,Rs. 750,4,548378,301073,472750,578505,,,Lahore,16-10-2000,View
601,Rs. 15000,4,956029,37520,39094,295718,,,Rawalpindi,02-10-2000,View
602,Rs. 200,3,189848,60298,503716,580682,648651.0,937198.0,Karachi,15-09-2000,View
603,Rs. 40000,3,271731,58182,111554,325569,,,Rawalpindi,01-09-2000,View
604,Rs. 1500,3,139296,107591,241968,363758,,,Lahore,15-08-2000,View
605,Rs. 7500,3,210343,133218,192960,644096,,,Peshawar,01-08-2000,View
606,Rs. 750,3,941694,248225,267064,609209,,,Hyderabad,15-07-2000,View
607,Rs. 15000,3,549378,124577,416624,695850,,,Multan,03-07-2000,View
608,Rs. 200,2,36910,8070,421705,461181,602046.0,797972.0,Islamabad,15-06-2000,View
609,Rs. 40000,2,614211,164924,702001,829391,,,Lahore,01-06-2000,View
610,Rs. 1500,2,688436,81244,201574,610321,,,Quetta,15-05-2000,View
611,Rs. 7500,2,902042,183321,277480,454154,,,Karachi,01-05-2000,View
612,Rs. 750,2,752300,38121,338558,367788,,,Peshawar,17-04-2000,View
613,Rs. 15000,2,813182,270396,458321,597806,,,Faisalabad,01-04-2000,View
614,Rs. 200,1,953921,12281,269041,691213,785833.0,842077.0,Rawalpindi,15-03-2000,View
615,Rs. 40000,1,196424,27968,282319,674305,,,Quetta,01-03-2000,View
616,Rs. 1500,1,443629,57943,226714,396242,,,Karachi,15-02-2000,View
617,Rs. 7500,1,261305,80203,157989,417022,,,Lahore,01-02-2000,View
618,Rs. 750,1,367030,211403,527674,676693,,,Islamabad,15-01-2000,View
619,Rs. 15000,1,914027,73811,85395,102847,,,Peshawar,03-01-2000,View
